REGION,NAME_0,EXP_BUILDINGS,EXP_COST_TOTAL,EXP_OCCUPANTS_TOTAL,EXP_OCCUPANTS_AVG,AAL_BUILDINGS,AAL_TOTAL,AAL_FATALITIES,AAL_PEOPLE_DISPLACED,AALR_BUILDINGS,AALR_TOTAL,AALR_FATALITIES,AALR_PEOPLE_DISPLACED
Africa,Algeria,7880753,3.37153E+11,47435000,38508390,6312.1,304784000,674.676,49635.4,0.000800951,0.000903991,1.75E-05,0.00104639
Africa,Angola,9297733.8,1.62768E+11,39040000,30858586,49.8651,1095130,1.23664,251.784,5.36E-06,6.73E-06,4.01E-08,6.45E-06
Africa,Benin,2978995.3,42711954000,14814400,11837436,8.67292,184657,0.3071,56.3521,2.91E-06,4.32E-06,2.59E-08,3.80E-06
Africa,Botswana,676843.67,24372241000,2562100,2047669.6,2.69918,110925,0.0575284,12.6068,3.99E-06,4.55E-06,2.81E-08,4.92E-06
Africa,Burundi,2887017.7,30774077600,14390000,11589644.7,653.148,10521900,30.0399,4454.06,0.000226237,0.000341907,2.59E-06,0.000309526
Africa,Cabo Verde,153973.2,3030759100,527318,423529.3,0.365809,10942.9,0.0128769,2.10673,2.38E-06,3.61E-06,3.04E-08,4.00E-06
Africa,Cameroon,6044217.6,1.37198E+11,29879300,23640776,11.2935,309709,0.302179,69.5084,1.87E-06,2.26E-06,1.28E-08,2.33E-06
Africa,Central African Republic,1116130.9,9494900400,5513240,4511199.4,4.28669,44345,0.140282,26.3246,3.84E-06,4.67E-06,3.11E-08,4.77E-06
Africa,Comoros,210729.61,3717838000,882847,707709.6,9.13199,253172,0.20492,50.7604,4.33E-05,6.81E-05,2.90E-07,5.75E-05
Africa,Congo,1817467.8,33760396000,6484410,5170857.7,12.6554,296637,0.177498,33.0925,6.96E-06,8.79E-06,3.43E-08,5.10E-06
Africa,Democratic Republic of the Congo,23326945,3.11851E+11,112832000,91333019,1958.53,35224000,71.7591,12455.2,8.40E-05,0.000112952,7.86E-07,0.000110387
Africa,Djibouti,197706.83,2385326300,1184080,968431,84.4042,1974640,3.38333,732.661,0.000426915,0.000827827,3.49E-06,0.000618762
Africa,Egypt,28844784,6.96083E+11,118366000,95702900,3171.03,81801100,232.43,16839,0.000109934,0.000117516,2.43E-06,0.000142262
Africa,Equatorial Guinea,313788.41,7312603000,1938420,1539191.8,1.10572,27702.3,0.0445664,8.33253,3.52E-06,3.79E-06,2.90E-08,4.30E-06
Africa,Eritrea,849560.64,13092101000,3606980,2838919.6,113.024,2537270,2.04693,682.019,0.000133038,0.000193802,7.21E-07,0.000189083
Africa,Eswatini,350333.27,8607893100,1256170,1025864.4,0.901189,42248,0.0163549,4.57932,2.57E-06,4.91E-06,1.59E-08,3.65E-06
Africa,Ethiopia,32631795,3.78322E+11,135472000,108840711,1570.47,28221100,30.691,8364.72,4.81E-05,7.46E-05,2.82E-07,6.17E-05
Africa,Gabon,690212.06,14541691600,2593100,2078767.6,1.17248,29394.3,0.0275645,5.00883,1.70E-06,2.02E-06,1.33E-08,1.93E-06
Africa,Gambia,361309.12,9206154000,2822070,2276104.2,0.111424,4846.56,0.00514185,1.32791,3.08E-07,5.26E-07,2.26E-09,4.71E-07
Africa,Ghana,9358357,2.83559E+11,35064200,27704179,231.169,8885560,5.45196,1106,2.47E-05,3.13E-05,1.97E-07,3.15E-05
Africa,Guinea,2430268.3,57511293000,15099700,12194059,17.4535,493011,0.817321,137.139,7.18E-06,8.57E-06,6.70E-08,9.08E-06
Africa,Guinea Bissau,273441.89,6185792700,2249500,1795482.9,2.93258,89234.3,0.1625,30.054,1.07E-05,1.44E-05,9.05E-08,1.34E-05
Africa,Ivory Coast,6344328.4,97425124000,32711500,26063669,7.23528,151061,0.245145,47.2741,1.14E-06,1.55E-06,9.41E-09,1.45E-06
Africa,Kenya,17383055.4,2.93453E+11,57532300,46202884,680.539,15272800,15.1019,3001.33,3.91E-05,5.20E-05,3.27E-07,5.22E-05
Africa,Lesotho,612101.19,8340494500,2363310,1887834.8,7.61848,137545,0.117451,39.5482,1.24E-05,1.65E-05,6.22E-08,1.67E-05
Africa,Liberia,1139652.53,15943318000,5731180,4503201.4,7.60466,164200,0.212269,46.9526,6.67E-06,1.03E-05,4.71E-08,8.19E-06
Africa,Libya,1277070,59701510000,7458440,6034419,58.4997,2604200,5.03324,411.513,4.58E-05,4.36E-05,8.34E-07,5.52E-05
Africa,Madagascar,7547479.7,1.26869E+11,32740600,26220639,110.631,2823790,2.70692,634.039,1.47E-05,2.23E-05,1.03E-07,1.94E-05
Africa,Malawi,4779698.3,72822106000,22216100,17498449,1195.2,26631400,40.6169,7549.87,0.000250057,0.000365704,2.32E-06,0.000339838
Africa,Mali,4150665,38573362000,25198800,20251509,4.71344,53982.7,0.239945,38.1195,1.14E-06,1.40E-06,1.18E-08,1.51E-06
Africa,Mauritania,1327946.5,21680545000,5315030,4328464.2,2.94025,54627.5,0.0672624,14.9272,2.21E-06,2.52E-06,1.55E-08,2.81E-06
Africa,Mauritius,354799.19,10333674000,1268280,1016499.9,0.686709,26003.5,0.012982,3.36331,1.94E-06,2.52E-06,1.28E-08,2.65E-06
Africa,Morocco,8258375,2.27103E+11,36736900,27698010,1627.01,52301900,89.7401,9477.28,0.000197013,0.0002303,3.24E-06,0.000257977
Africa,Mozambique,7782704.6,1.27002E+11,35631600,28355626,450.713,11752200,16.1243,2863.74,5.79E-05,9.25E-05,5.69E-07,8.04E-05
Africa,Namibia,721293.53,16729844000,3092790,2496046.5,2.76309,91678.1,0.0582503,14.8031,3.83E-06,5.48E-06,2.33E-08,4.79E-06
Africa,Nigeria,50308588,1.20745E+12,237528000,189176800,24.3264,794513,0.693684,145.443,4.84E-07,6.58E-07,3.67E-09,6.12E-07
Africa,Rwanda,3692287.1,60496670000,14569300,11470045,634.04,16700300,20.1295,3388.67,0.00017172,0.000276052,1.75E-06,0.000232589
Africa,Sao Tome and Principe,58451.166,1033269080,240254,197414.63,0.0313286,911.429,0.00120231,0.190626,5.36E-07,8.82E-07,6.09E-09,7.93E-07
Africa,Senegal,2104597.5,64309137000,18931900,15280590,1.37051,56083.5,0.0770081,15.8506,6.51E-07,8.72E-07,5.04E-09,8.37E-07
Africa,Seychelles,36147.89,843750840,132778,106425.33,0.000121559,4.34383,3.93E-07,0.000416388,3.36E-09,5.15E-09,3.69E-12,3.14E-09
Africa,Sierra Leone,1569028.2,24890674000,8819780,7053770.7,5.66952,119373,0.221005,41.3864,3.61E-06,4.80E-06,3.13E-08,4.69E-06
Africa,Somalia,3338388.06,40271397700,19654700,16241967,18.8475,439810,0.597739,156.958,5.65E-06,1.09E-05,3.68E-08,7.99E-06
Africa,South Africa,20114761,8.57602E+11,64747300,52032800,726.763,37624600,10.4494,2981.23,3.61E-05,4.39E-05,2.01E-07,4.60E-05
Africa,South Sudan,2255215.1,30766426000,12188700,9701292,138.723,3040820,3.26938,763.556,6.15E-05,9.88E-05,3.37E-07,6.26E-05
Africa,Sudan,9247622,1.38017E+11,51662100,41444551,0.582651,31897,0.0274528,4.2057,6.30E-08,2.31E-07,6.62E-10,8.14E-08
Africa,Tanzania,15080158,2.97389E+11,70545800,56283617,1844.33,50913700,54.7256,11319.6,0.000122301,0.000171202,9.72E-07,0.000160458
Africa,Togo,2171832.3,23507836000,9721590,7817065.6,26.3788,400834,0.881094,151.795,1.21E-05,1.71E-05,1.13E-07,1.56E-05
Africa,Tunisia,3109194.2,98309710000,12348500,9972906,703.602,26400400,49.6788,3736.64,0.000226297,0.000268543,4.98E-06,0.000302598
Africa,Uganda,11839997.6,2.08028E+11,51384900,40515557,1489.99,39669400,50.3858,8451.52,0.000125845,0.000190693,1.24E-06,0.000164475
Africa,Zambia,4264785.8,1.19144E+11,21913800,17420780,304.956,11022600,10.5934,2031.99,7.15E-05,9.25E-05,6.08E-07,9.27E-05
Africa,Zimbabwe,4482160.9,1.09575E+11,16950600,13439518,81.9194,2902820,1.99375,401.946,1.83E-05,2.65E-05,1.48E-07,2.37E-05
Caribbean Central America,Anguilla,4997.998,586953840,14728,11661.937,1.98494,333898,0.0279419,7.22343,0.000397147,0.000568865,2.40E-06,0.000490456
Caribbean Central America,Antigua and Barbuda,32042.215,3274865000,94209,76098.12,32.6224,4146950,0.234256,120.189,0.00101811,0.0012663,3.08E-06,0.00127576
Caribbean Central America,Aruba,25394.278,6602730000,108147,87082.4,1.0018,571290,0.0135178,6.72272,3.94E-05,8.65E-05,1.55E-07,6.22E-05
Caribbean Central America,Bahamas,114090.88,41960835000,354790,285526.72,0.0366403,24693.8,0.00022494,0.0529659,3.21E-07,5.88E-07,7.88E-10,1.49E-07
Caribbean Central America,Barbados,109856.96,19587973000,282621,228287.57,104.999,22558800,1.9392,344.744,0.000955776,0.00115167,8.49E-06,0.00121981
Caribbean Central America,Belize,66354.32,7362082000,422923,335886.9,0.986832,300716,0.043294,12.2423,1.49E-05,4.08E-05,1.29E-07,2.89E-05
Caribbean Central America,British Virgin Islands,10282.061,4221957000,39731.8,31993.41,6.38712,3422460,0.11269,31.8103,0.00062119,0.000810633,3.52E-06,0.000800626
Caribbean Central America,Cayman Islands,15791.127,18057200000,75844,61072.11,0.92351,2999630,0.0680613,15.7211,5.85E-05,0.000166118,1.11E-06,0.000207282
Caribbean Central America,Costa Rica,1572064.2,1.9804E+11,5144900,4082417,338.421,115869000,4.35593,1396.94,0.000215271,0.000585076,1.07E-06,0.000271519
Caribbean Central America,Cuba,3431838.5,2.2058E+11,10937200,8683360,358.096,32752400,9.89017,1600.97,0.000104345,0.000148483,1.14E-06,0.000146378
Caribbean Central America,Dominica,21369.394,1347958800,65871,52846.89,10.9548,873710,0.18475,42.0802,0.000512641,0.000648173,3.50E-06,0.000638828
Caribbean Central America,Dominican Republic,3396862.9,4.79471E+11,11520500,9216659,6127.03,994293000,125.624,26220.3,0.00180373,0.00207373,1.36E-05,0.00227597
Caribbean Central America,El Salvador,2493010.39,2.54906E+11,6365480,4970404,2496.86,442526000,69.842,9737.37,0.00100154,0.00173604,1.41E-05,0.00152971
Caribbean Central America,Grenada,40878.01,4656755200,117303,94116.11,21.6287,3043100,0.345795,78.2343,0.000529104,0.00065348,3.67E-06,0.000666942
Caribbean Central America,Guadeloupe,154177.43,12269686000,373791,297911.63,138.042,14532800,1.92725,423.15,0.00089534,0.00118445,6.47E-06,0.00113205
Caribbean Central America,Guatemala,5042863.2,3.016E+11,18680100,14872692,7182.01,488382000,324.391,35552,0.00142419,0.00161931,2.18E-05,0.0019032
Caribbean Central America,Haiti,2860452.3,90409724000,11906100,9509567,4760.9,195457000,421.874,26334.4,0.00166439,0.00216191,4.44E-05,0.00221184
Caribbean Central America,Honduras,2524498.4,2.07658E+11,10867000,8612174,754.772,81003200,76.4192,4801.21,0.000298979,0.00039008,8.87E-06,0.000441813
Caribbean Central America,Jamaica,1017658.8,92179550000,2837080,2219160.3,579.511,77770500,11.7802,2219.24,0.000569455,0.000843685,5.31E-06,0.000782229
Caribbean Central America,Martinique,112493.18,12733644200,340439,271321.91,84.7321,12294600,1.42557,327.3,0.000753222,0.000965519,5.25E-06,0.000961405
Caribbean Central America,Montserrat,8868.5444,638852670,4358.99,3521.056,4.60618,420098,0.00870996,2.88676,0.000519384,0.000657583,2.47E-06,0.000662255
Caribbean Central America,Nicaragua,1534013.5,1.0368E+11,6689830,5245362,1495.54,139898000,88.9863,9088.68,0.000974919,0.00134932,1.70E-05,0.00135858
Caribbean Central America,Panama,1146466.6,1.74017E+11,4503210,3584869,370.765,106952000,12.0095,2086.74,0.000323399,0.000614608,3.35E-06,0.000463389
Caribbean Central America,Puerto Rico,1443610.847,4.5267E+11,3235280,2215805.8,2632.13,912084000,42.3236,7475.85,0.0018233,0.0020149,1.91E-05,0.00231073
Caribbean Central America,Saint Kitts and Nevis,18115.988,1630778300,46922,37901.9,8.63724,967631,0.117795,29.3243,0.000476775,0.000593355,3.11E-06,0.000624959
Caribbean Central America,Saint Lucia,58654.08,4250743300,180149,142645.8,43.8366,4007040,0.722509,165.043,0.000747376,0.000942667,5.07E-06,0.00091615
Caribbean Central America,Saint Vincent and the Grenadines,33768.254,2415144400,99924,80172.32,18.6375,1742680,0.270091,71.0375,0.000551923,0.000721562,3.37E-06,0.000710915
Caribbean Central America,Trinidad and Tobago,437264.76,60929760000,1511150,1215500.5,559.094,93591100,11.3615,2486.75,0.00127862,0.00153605,9.35E-06,0.0016456
Caribbean Central America,Turks and Caicos Islands,72924.24,12547159000,46855,37726.23,0.168552,85910.4,0.000477356,0.151319,2.31E-06,6.85E-06,1.27E-08,3.23E-06
Caribbean Central America,US Virgin Islands,44728.571,36801733000,84137,68865.71,77.1158,79277200,0.870077,198.126,0.00172408,0.00215417,1.26E-05,0.0023548
Central Asia,Kazakhstan,2951238.1,2.98434E+11,20843700,16598521,581.242,54371000,49.1696,3748.28,0.000196949,0.000182188,2.96E-06,0.000179828
Central Asia,Kyrgyzstan,943364,50875592000,7279150,5823272,1283.65,84708800,105.43,16365.8,0.00136072,0.00166502,1.81E-05,0.00224831
Central Asia,Tajikistan,1464093,40410576000,10499000,8534046,1885.18,67756400,136.308,21809.7,0.0012876,0.0016767,1.60E-05,0.00207731
Central Asia,Turkmenistan,675685.34,72600973000,7618810,6073204,187.887,21500100,27.5931,2009.51,0.000278069,0.000296141,4.54E-06,0.000263756
Central Asia,Uzbekistan,5805604,4.31686E+11,37053400,29690910,4801.58,434659000,414.017,39778,0.000827059,0.00100689,1.39E-05,0.00107353
East Asia,China,244012700,5.35138E+13,1416100000,1107294700,21702.3,7350780000,2261.72,245184,8.89E-05,0.000137363,2.04E-06,0.000173141
East Asia,Hong Kong,41731.71,5.43083E+11,7046100,4470803.9,0.0541689,857798,0.0186502,3.58855,1.30E-06,1.58E-06,4.17E-09,5.09E-07
East Asia,Japan,37518204,2.90266E+13,123103000,101040230,26071.5,41254600000,110.596,92782,0.000694904,0.00142127,1.09E-06,0.000753692
East Asia,Macao,5033.715,41897200600,638650,519739.8,0.00351494,60044.3,0.00220504,0.43591,6.98E-07,1.43E-06,4.24E-09,6.83E-07
East Asia,North Korea,2799880.6,1.46488E+11,26571000,20902831,220.078,14220400,17.5815,2598.91,7.86E-05,9.71E-05,8.41E-07,9.78E-05
East Asia,South Korea,8723625,6.04747E+12,51666900,41469470,1185.43,665344000,39.8736,5727.74,0.000135887,0.00011002,9.62E-07,0.000110859
East Asia,Taiwan,2148974.1,1.36214E+12,23112700,18928360,3023.92,3408370000,260.185,46734.8,0.00140715,0.00250223,1.37E-05,0.00202204
Europe,Albania,643360.8,34614241000,2853690,2015594.5,1204.98,72229100,30.5454,5887.41,0.00187295,0.00208669,1.52E-05,0.00206309
Europe,Andorra,21202.44,10475395000,82903.6,67640.87,0.196614,188326,0.00510178,0.94373,9.27E-06,1.80E-05,7.54E-08,1.14E-05
Europe,Austria,,,,,326.256,165395000,6.18242,1072.95,0.000128029,0.000119446,8.75E-07,0.000117732
Europe,Belarus,2691470.8,2.83999E+11,8997600,7252695,0.451462,45644,0.00462744,1.21996,1.68E-07,1.61E-07,6.38E-10,1.36E-07
Europe,Belgium,4146030.3,1.63257E+12,11758200,9637567,216.888,67674100,2.59966,639.528,5.23E-05,4.15E-05,2.70E-07,5.44E-05
Europe,Bosnia and Herzegovina,1098955.8,71813580000,3301000,2540985,343.164,22352000,7.65542,1195.64,0.000312265,0.00031125,3.01E-06,0.000362205
Europe,Bulgaria,2334339.1,3.69558E+11,6714500,5466923,1100.9,180110000,34.1414,4148.94,0.00047161,0.000487367,6.25E-06,0.000617907
Europe,Croatia,1842225.8,1.99288E+11,3848150,3106161,834.899,100533000,12.9724,2158.75,0.000453201,0.000504462,4.18E-06,0.000560984
Europe,Cyprus,286455.73,1.03102E+11,875818,666090.4,385.106,136760000,7.88122,1463.99,0.00134438,0.00132645,1.18E-05,0.00167157
Europe,Czechia,2570505.4,7.65115E+11,10609200,8648015,11.2662,3081820,0.214556,33.9426,4.38E-06,4.03E-06,2.48E-08,3.20E-06
Europe,Denmark,1869218.1,1.09335E+12,6002500,4923824,1.75098,866535,0.026784,5.37046,9.37E-07,7.93E-07,5.44E-09,8.95E-07
Europe,Estonia,268608,80776540000,1344230,1099866.6,0.73144,218799,0.0200744,4.41782,2.72E-06,2.71E-06,1.83E-08,3.29E-06
Europe,Finland,1554524.7,7.7004E+11,5623220,4612495,0.59453,271319,0.00851117,1.73578,3.82E-07,3.52E-07,1.85E-09,3.09E-07
Europe,France,16393417,9.16977E+12,66540200,53889830,420.114,230296000,9.44625,1649.58,2.56E-05,2.51E-05,1.75E-07,2.48E-05
Europe,Germany,21148519,1.34051E+13,84069900,67492070,513.508,317678000,11.1779,2045.5,2.43E-05,2.37E-05,1.66E-07,2.43E-05
Europe,Gibraltar,5504.43,3972593100,34000,26735.25,0.269432,286918,0.0160794,1.88917,4.89E-05,7.22E-05,6.01E-07,5.56E-05
Europe,Greece,3352078,6.94361E+11,10716000,8237858,2959.11,659487000,58.218,9309.69,0.000882769,0.000949775,7.07E-06,0.000868765
Europe,Hungary,3050428.9,6.75467E+11,9632020,7851062,238.594,47186800,8.97296,923.018,7.82E-05,6.99E-05,1.14E-06,9.58E-05
Europe,Iceland,78405.26,75462530000,398159,320918.5,9.35487,21466600,0.358028,85.8482,0.000119314,0.000284467,1.12E-06,0.000215613
Europe,Ireland,2151390.9,6.72725E+11,5308040,4322012,0.111073,48908,0.0024945,0.414385,5.16E-08,7.27E-08,5.77E-10,7.81E-08
Europe,Isle of Man,19908.909,9399643400,85000,65942.27,0.000409838,573.56,5.46E-06,0.00699735,2.06E-08,6.10E-08,8.28E-11,8.23E-08
Europe,Italy,13656970,9.6499E+12,59146100,47968350,4514.44,3301170000,119.163,20637.5,0.000330558,0.000342093,2.48E-06,0.000348924
Europe,Kosovo,342634.25,27449648000,1647740,1355350.5,115.92,10814900,3.70887,701.198,0.00033832,0.000393991,2.74E-06,0.000425552
Europe,Latvia,383275.3,1.08573E+11,1913000,1482449,0.874536,224624,0.0210523,4.58468,2.28E-06,2.07E-06,1.42E-08,2.40E-06
Europe,Liechtenstein,18423.249,14928082000,40127.7,32760.163,0.683411,827969,0.0123446,1.66024,3.71E-05,5.55E-05,3.77E-07,4.14E-05
Europe,Lithuania,676082.7,1.99932E+11,2830140,2301991,0.488268,147427,0.0109301,2.17682,7.22E-07,7.37E-07,4.75E-09,7.69E-07
Europe,Luxembourg,158774.9,1.12573E+11,680452,556252.9,2.13911,1684150,0.0506032,12.4392,1.35E-05,1.50E-05,9.10E-08,1.83E-05
Europe,Malta,122929.1,37096960000,545404,447980.6,6.10012,2085880,0.22091,35.4643,4.96E-05,5.62E-05,4.93E-07,6.50E-05
Europe,Moldova,837964.7,51846110000,2600110,1985068,113.37,7387570,2.62227,447.36,0.000135292,0.00014249,1.32E-06,0.000172054
Europe,Monaco,10128.83,7818563200,39000,30808.85,2.2365,1450160,0.0358158,8.70898,0.000220805,0.000185477,1.16E-06,0.000223307
Europe,Montenegro,183134.76,19960261000,632710,517905.4,86.0053,10126700,2.07919,338.196,0.000469629,0.000507342,4.01E-06,0.00053452
Europe,Netherlands,5732306,3.17985E+12,18346700,14924195,161.073,77787300,1.88887,506.984,2.81E-05,2.45E-05,1.27E-07,2.76E-05
Europe,North Macedonia,605383.7,56985550000,1811720,1468447.9,343.475,36074400,7.45905,1238.41,0.000567368,0.000633044,5.08E-06,0.000683553
Europe,Norway,1904630,1.07428E+12,5572650,4529444,7.46125,5545940,0.0637782,23.4681,3.92E-06,5.16E-06,1.41E-08,4.21E-06
Europe,Poland,7972395,1.87998E+12,38140900,30895900,12.1538,3353020,0.391459,83.0244,1.52E-06,1.78E-06,1.27E-08,2.18E-06
Europe,Portugal,3976168,1.08931E+12,10411800,8172018,375.96,117156000,6.27594,1127.75,9.46E-05,0.000107551,7.68E-07,0.000108315
Europe,Romania,6348834.6,4.37404E+11,18908400,14919146,4466.99,455470000,229.5,21527.4,0.000703592,0.0010413,1.54E-05,0.00113851
Europe,Serbia,2532436.9,2.91293E+11,6688230,5333132,825.926,77220600,16.4984,2354.65,0.000326139,0.000265096,3.09E-06,0.000352059
Europe,Slovakia,1273772.8,3.90396E+11,5474820,4433378,76.9383,23673900,2.8242,378.717,6.04E-05,6.06E-05,6.37E-07,6.92E-05
Europe,Slovenia,584870,1.12798E+11,2117070,1710417,262.772,54017400,7.38314,1141.78,0.000449283,0.000478886,4.32E-06,0.000539319
Europe,Spain,10876005,4.68957E+12,47889300,39136500,1092.38,424068000,34.5207,4534.91,0.00010044,9.04E-05,8.82E-07,9.47E-05
Europe,Sweden,2750410,1.68309E+12,10656600,8749473,6.87546,3622840,0.115407,25.2608,2.50E-06,2.15E-06,1.32E-08,2.37E-06
Europe,Switzerland,1901506,3.59244E+12,8573240,6519298,89.8531,171893000,2.32777,387.415,4.73E-05,4.78E-05,3.57E-07,4.52E-05
Europe,Turkiye,10103555,1.91027E+12,87685400,59531734,13234.8,2892890000,914.183,117975,0.00130992,0.00151439,1.54E-05,0.00134543
Europe,Ukraine,13885391,1.25899E+12,38980400,29152476.8,224.747,17480600,5.89058,767.618,1.62E-05,1.39E-05,2.02E-07,1.97E-05
Europe,United Kingdom,16824128,6.7678E+12,69551300,56831770,50.6362,24930000,1.3878,294.985,3.01E-06,3.68E-06,2.44E-08,4.24E-06
Middle East,Armenia,660243.19,58674915000,2952350,2280498.9,1005.08,95156000,30.1268,5304.37,0.00152229,0.00162175,1.32E-05,0.00179666
Middle East,Azerbaijan,1646505.9,1.72874E+11,10397700,8322815,2394.08,218559000,90.3065,15372,0.00145403,0.00126427,1.09E-05,0.00147841
Middle East,Bahrain,289287.3,67304860000,1643330,1326743,0.131686,61029.7,0.00825928,1.16467,4.55E-07,9.07E-07,6.23E-09,7.09E-07
Middle East,Georgia,943853.9,86070690000,3753600,2968997.8,1020.21,96393100,28.1268,4837.61,0.0010809,0.00111993,9.47E-06,0.00128879
Middle East,Iran,17524979.3,1.90814E+12,92417700,73958580,12034.5,2204960000,1013.52,98226,0.000686703,0.00115556,1.37E-05,0.00106285
Middle East,Iraq,7541790.6,5.62399E+11,47020800,38507180,977.1,91038200,88.5223,7747.71,0.000129558,0.000161875,2.30E-06,0.000164772
Middle East,Israel,1328971,7.74829E+11,9517170,7802449,174.649,218213000,13.8821,2008.02,0.000131416,0.000281627,1.78E-06,0.000210989
Middle East,Jordan,1390045.7,3.85332E+11,11520700,9428080,352.585,150414000,32.0946,4027.04,0.00025365,0.000390351,3.40E-06,0.000349549
Middle East,Kuwait,738506.57,2.14027E+11,5025720,4044212,25.9045,9327250,1.59465,207.972,3.51E-05,4.36E-05,3.94E-07,4.14E-05
Middle East,Lebanon,578152.7,2.71458E+11,5849400,4760574,664.843,351821000,58.0665,6980.29,0.00114994,0.00129604,1.22E-05,0.00119333
Middle East,Oman,1367916.5,2.32973E+11,5494680,4411448,18.2109,3856860,0.712428,104.211,1.33E-05,1.66E-05,1.61E-07,1.90E-05
Middle East,Palestine,619874.7,1.89958E+11,5328520,4341310,164.715,96020000,18.0611,2153.47,0.000265724,0.000505479,4.16E-06,0.00040414
Middle East,Qatar,353963.5,1.90809E+11,3115880,2490065,0.0115117,39974.8,0.00258646,0.274266,3.25E-08,2.10E-07,1.04E-09,8.80E-08
Middle East,Saudi Arabia,3425964,1.60654E+12,34566300,28007700,19.8932,12623700,1.79827,234.945,5.81E-06,7.86E-06,6.42E-08,6.80E-06
Middle East,Syria,3714748.4,1.83785E+11,25618900,20772945,3462.49,317415000,336.356,37404.1,0.000932093,0.0017271,1.62E-05,0.00146002
Middle East,United Arab Emirates,837922.06,5.16869E+11,11346000,9114338,10.7407,10478900,1.01686,144.316,1.28E-05,2.03E-05,1.12E-07,1.27E-05
Middle East,Yemen,5954204.5,2.59785E+11,41773800,34451515,226.021,13017500,29.4467,2132.36,3.80E-05,5.01E-05,8.55E-07,5.10E-05
North America,Mexico,23849836,7.2385E+12,128510000,102711500,18077.2,7744970000,1201.69,144606,0.000757959,0.00106997,1.17E-05,0.00112525
North Asia,Mongolia,528781.1,21237068000,3516540,2779993.5,32.7891,2975690,2.82883,384.473,6.20E-05,0.000140118,1.02E-06,0.000109333
North Asia,Russia East,19204056,5.37378E+12,143996000,116906810,186.438,162300000,16.7899,2218.28,9.71E-06,3.02E-05,1.44E-07,1.54E-05
North Asia,Russia West,19204056,5.37378E+12,143996000,116906810,279.594,26044400,7.80231,1373.85,1.46E-05,4.85E-06,6.67E-08,9.54E-06
Oceania,American Samoa,18537.086,7856953400,46021.1,34067.433,0.44174,278586,0.00561193,1.54329,2.38E-05,3.55E-05,1.65E-07,3.35E-05
Oceania,Australia,9634466,1.38634E+13,26526400,16099041,211.897,263675000,1.85877,674.719,2.20E-05,1.90E-05,1.15E-07,2.54E-05
Oceania,Cook Islands,11029.6026,3196098000,13263,10688.153,0.000218662,153.268,3.24E-11,1.24E-07,1.98E-08,4.80E-08,3.03E-15,9.34E-12
Oceania,Fiji,229203.33,20872877000,933154,744599.7,13.2112,3135050,0.187847,79.5405,5.76E-05,0.000150197,2.52E-07,8.52E-05
Oceania,Guam,41382.162,21972190000,168999,138403.68,212.703,152265000,4.7139,1198.62,0.00513996,0.00692988,3.41E-05,0.00709247
Oceania,Kiribati,57352.143,1728927690,136488,98831.77,0.0459516,8173.22,0.00088611,0.136602,8.01E-07,4.73E-06,8.97E-09,1.00E-06
Oceania,Marshall Islands,10544.403,1530945700,36281.9,29235.71,1.81E-05,11.7688,7.24E-07,0.000226572,1.71E-09,7.69E-09,2.48E-11,6.24E-09
Oceania,Micronesia,31469,2399316000,105565,85078.44,2.38365,270332,0.0487877,8.88947,7.57E-05,0.00011267,5.73E-07,8.42E-05
Oceania,Nauru,3197.362,725607400,12025,9863.51,1.79E-10,3.15633,5.70E-10,6.77E-10,5.60E-14,4.35E-09,5.78E-14,5.63E-14
Oceania,New Caledonia,69462.556,18204779000,295332,241333.4,3.26872,1920970,0.107283,22.3646,4.71E-05,0.00010552,4.45E-07,7.57E-05
Oceania,New Zealand,2544164,1.60574E+12,5334200,2880090,934.709,931552000,0.658652,2525.39,0.000367393,0.000580139,2.29E-07,0.000473434
Oceania,Niue,1529.36,262749200,1820.98,1464.633,0.00476027,1438.38,7.12E-05,0.00984359,3.11E-06,5.47E-06,4.86E-08,5.41E-06
Oceania,Northern Mariana Islands,9259.157,5417353000,43541,34495.8,20.1919,15156500,0.54886,138.452,0.00218075,0.00279777,1.59E-05,0.00317981
Oceania,Palau,9705.9373,2000466000,17663,14225.017,2.33632,1000070,0.0429281,6.78791,0.00024071,0.000499919,3.02E-06,0.000384302
Oceania,Papua New Guinea,2630814.97,99098696000,10705700,8538729.2,1252.97,92325000,5.30517,6310.96,0.000476269,0.000931647,6.21E-07,0.000589493
Oceania,Samoa,51611.512,10648009600,219306,176731.21,0.743279,277476,0.0225884,4.29119,1.44E-05,2.61E-05,1.28E-07,1.96E-05
Oceania,Solomon Islands,175745.94,19635310000,838644,674044.69,397.963,77528800,8.67511,2448.78,0.00226442,0.00394844,1.29E-05,0.00291993
Oceania,Tonga,31079.991,5618180400,103742,83072.54,95.1405,25394100,2.89615,405.202,0.00306115,0.00451998,3.49E-05,0.00390586
Oceania,Tuvalu,2849.51,336203000,9492,7640.507,6.50E-11,0.013606,1.30E-10,1.60E-10,2.28E-14,4.05E-11,1.70E-14,1.69E-14
Oceania,Vanuatu,80949.947,7912445000,335169,268087.1,547.407,90951600,20.1465,2984.68,0.00676229,0.0114948,7.51E-05,0.008905
South America,Argentina,12086240,1.3252E+12,45851400,37129330,2368.92,223906000,82.4968,13364,0.000196002,0.000168961,2.22E-06,0.000291463
South America,Bolivia,3510311,1.81042E+11,12581800,9879570,1715.03,92165900,63.9324,8326.9,0.00048857,0.000509086,6.47E-06,0.00066182
South America,Brazil,67820100,5.93334E+12,212810000,170007660,93.2555,8812240,2.39599,368.729,1.38E-06,1.49E-06,1.41E-08,1.73E-06
South America,Chile,4473044,1.05085E+12,19859900,15933988,4852.61,1237190000,135.348,29166.3,0.00108486,0.00117732,8.49E-06,0.0014686
South America,Colombia,9840278,9.55499E+11,53111200,41897080,9927.7,1327980000,658.806,66846.9,0.00100888,0.00138983,1.57E-05,0.00125862
South America,Ecuador,3998898,5.52805E+11,16891900,13301931,13035.6,2334660000,1219.91,71909,0.00325979,0.0042233,9.17E-05,0.00425702
South America,French Guiana,38717.24,6333103600,313643,256480.5,0.120687,22832.1,0.0050196,1.04731,3.12E-06,3.61E-06,1.96E-08,3.34E-06
South America,Guyana,163137.8,8405649000,835985,684369.6,0.0684384,5070.08,0.00283772,0.538876,4.20E-07,6.03E-07,4.15E-09,6.45E-07
South America,Paraguay,941704.4,87948560000,7013080,5595810,0.524465,44907.3,0.0232429,4.52166,5.57E-07,5.11E-07,4.15E-09,6.45E-07
South America,Peru,8702479,1.0674E+12,34209100,27032246,21910.2,3699530000,1604.58,123167,0.00251769,0.00346591,5.94E-05,0.00360042
South America,Suriname,54782.93,3101313100,639850,518219.8,0.00433476,338.432,0.000190653,0.0464173,7.91E-08,1.09E-07,3.68E-10,7.25E-08
South America,Uruguay,541245.2,93804240000,3384690,2717135,0.605401,96652.7,0.0237051,4.71705,1.12E-06,1.03E-06,8.72E-09,1.39E-06
South America,Venezuela,7392143,5.72557E+11,28516800,22829907,3703.66,256051000,120.673,16943.9,0.000501027,0.000447207,5.29E-06,0.000594173
South Asia,Afghanistan,6486525,99645780000,43844100,35628960,10435.5,305730000,1555.31,107537,0.0016088,0.00306817,4.37E-05,0.00245271
South Asia,Bangladesh,32441579,4.43236E+11,175687000,140053770,7453.22,300000000,710.234,76591.5,0.000229743,0.000676841,5.07E-06,0.000435954
South Asia,Bhutan,202198.774,3389039100,796671,628155.5,315.054,5682220,9.37435,1434.96,0.00155814,0.00167665,1.49E-05,0.00180119
South Asia,India,232424280,2.97879E+12,1373500000,1022648900,34569.6,619436000,1469.07,294287,0.000148735,0.000207949,1.44E-06,0.000214261
South Asia,Nepal,6208916,2.24406E+11,29554200,23741180,11298.6,605534000,373.292,69012.8,0.00181973,0.00269838,1.57E-05,0.00233513
South Asia,Pakistan,38753593,8.42612E+11,255220000,206488560,26756.4,908429000,2333.33,267631,0.000690423,0.00107811,1.13E-05,0.00104863
South Asia,Sri Lanka,7690496.5,1.55832E+11,23191400,18669440,28.8025,782363,0.502448,128.978,3.75E-06,5.02E-06,2.69E-08,5.56E-06
Southeast Asia,Brunei,76033.97,8927612400,466323,378443,0.277847,43550.3,0.0101076,2.32308,3.65E-06,4.88E-06,2.67E-08,4.98E-06
Southeast Asia,Cambodia,3765506.8,74586950000,14908500,11634532,0.0471073,4892.12,0.000873085,0.139428,1.25E-08,6.56E-08,7.50E-11,9.35E-09
Southeast Asia,Indonesia,47334653,2.4082E+12,285721000,225336550,14778,1492970000,702.17,136531,0.000312204,0.000619954,3.12E-06,0.000477848
Southeast Asia,Laos,1769365.8,30741084000,7873000,6170168.8,127.067,3533870,3.25312,720.055,7.18E-05,0.000114956,5.27E-07,9.15E-05
Southeast Asia,Malaysia,6582367,6.42069E+11,27484600,21054620,78.3975,15172900,1.71096,491.162,1.19E-05,2.36E-05,8.13E-08,1.79E-05
Southeast Asia,Myanmar,12780847.8,1.47489E+11,54850600,43672705,3388.96,107211000,73.5288,20669,0.000265159,0.000726905,1.68E-06,0.000376824
Southeast Asia,Philippines,27811351,4.3371E+11,116626000,92632780,23088.1,496968000,438.933,124268,0.000830168,0.00114585,4.74E-06,0.00106553
Southeast Asia,Singapore,117990.93,1.45778E+12,5868090,4559443,0.567545,13044600,0.172407,24.4241,4.81E-06,8.95E-06,3.78E-08,4.16E-06
Southeast Asia,Thailand,21907784,1.68268E+12,71619800,56090610,307.201,44826100,4.8199,1184.34,1.40E-05,2.66E-05,8.59E-08,1.65E-05
Southeast Asia,Timor Leste,257100.17,8819583000,1381590,1119665.7,151.979,11665200,5.95964,1209.36,0.000591127,0.00132265,5.32E-06,0.000875339
Southeast Asia,Vietnam,27608049.6,5.12299E+11,101599000,79286480,1045.97,29456700,24.4755,5379.73,3.79E-05,5.75E-05,3.09E-07,5.30E-05