REGION,NAME_0,EXP_BUILDINGS,EXP_COST_TOTAL,EXP_OCCUPANTS_TOTAL,AAL_TOTAL,AAL_FATALITIES,AAL_BUILDINGS,AAL_PEOPLE_DISPLACED,AAL_EMBODIED_CARBON
Africa,Algeria,7880760.0,402460000000.0,47435000.0,282292000.0,397.254,5646.41,38027.1,266102.0
Africa,Angola,9297730.0,216728000000.0,39040000.0,708141.0,0.538848,30.9779,143.253,717.959
Africa,Benin,2979000.0,52661200000.0,14814400.0,81545.6,0.0905215,4.287,24.9438,60.7443
Africa,Botswana,676844.0,22216900000.0,2562110.0,27663.9,0.0107931,0.746715,3.3775,33.5529
Africa,Burundi,2887010.0,17623300000.0,14390000.0,2241240.0,9.99155,310.918,1920.58,2634.26
Africa,Cabo Verde,153973.0,5618170000.0,527318.0,1109.99,0.000299534,0.0203853,0.101906,0.882176
Africa,Cameroon,6044220.0,143823000000.0,29879300.0,179557.0,0.111528,5.75192,32.8919,170.036
Africa,Central African Republic,1116130.0,16015200000.0,5513240.0,42262.2,0.0748568,2.93084,17.2284,34.0325
Africa,Comoros,210730.0,5968810000.0,882847.0,240.419,2.06926e-06,9.60896e-05,0.000842067,0.025911
Africa,Congo,1817470.0,34683500000.0,6484410.0,145717.0,0.0927461,7.59611,22.7844,109.402
Africa,Democratic Republic of the Congo,23326900.0,264841000000.0,112832000.0,13800400.0,26.8799,1117.3,6544.89,14167.6
Africa,Djibouti,197707.0,5171820000.0,1184080.0,1313380.0,0.770163,28.649,228.883,537.842
Africa,Egypt,28844800.0,914778000000.0,118366000.0,71261600.0,142.355,2877.19,13057.7,83703.9
Africa,Equatorial Guinea,313788.0,10180400000.0,1938400.0,13987.4,0.01271,0.433638,3.33022,18.3561
Africa,Eritrea,849561.0,24939800000.0,3606980.0,1582380.0,0.290967,38.4848,214.763,1022.54
Africa,Eswatini,350333.0,8365040000.0,1256170.0,7606.78,0.00131591,0.223044,0.975052,6.15729
Africa,Ethiopia,32631800.0,265441000000.0,135472000.0,12160700.0,8.67982,1139.34,5549.68,7906.8
Africa,Gabon,690212.0,19119600000.0,2593100.0,23321.8,0.013471,0.842698,3.2089,29.1747
Africa,Gambia,361309.0,8798560000.0,2822070.0,7420.08,0.00898965,0.304984,2.78154,8.1923
Africa,Ghana,9358360.0,150330000000.0,35064200.0,1969240.0,1.4758,103.454,454.815,3242.63
Africa,Guinea,2430220.0,34826400000.0,15099700.0,242147.0,0.606944,17.9544,129.485,175.082
Africa,Guinea Bissau,273442.0,5511780000.0,2249500.0,37990.1,0.0668933,1.82792,17.7238,24.3238
Africa,Ivory Coast,6344330.0,123120000000.0,32711500.0,111978.0,0.131638,5.7918,35.0268,74.9883
Africa,Kenya,17383100.0,265020000000.0,57532300.0,6225300.0,5.15191,356.187,1449.4,4729.5
Africa,Lesotho,612102.0,13375100000.0,2363310.0,49062.7,0.0120833,1.60085,7.97248,48.0946
Africa,Liberia,1139650.0,31064700000.0,5731180.0,140339.0,0.0576717,4.8082,28.2247,65.8196
Africa,Libya,1277070.0,34667600000.0,7458440.0,1237840.0,3.42688,55.6847,341.167,2424.12
Africa,Madagascar,7547480.0,108436000000.0,32740600.0,1012970.0,0.873854,57.5001,305.418,959.174
Africa,Malawi,4779700.0,43098600000.0,22216100.0,4749840.0,11.6342,494.936,2845.99,7499.83
Africa,Mali,3328550.0,39433400000.0,19617100.0,37132.1,0.124201,3.01706,22.7284,28.0803
Africa,Mauritania,1327950.0,37040000000.0,5315030.0,55419.6,0.0268935,1.75179,8.63625,58.3591
Africa,Mauritius,354798.0,15631900000.0,1268220.0,12.7937,5.23864e-07,7.60999e-05,0.000391748,0.00350805
Africa,Morocco,8916430.0,323145000000.0,38430700.0,48616100.0,54.4477,1398.53,6382.95,47106.5
Africa,Mozambique,7782700.0,135830000000.0,35631600.0,5234000.0,5.29805,245.17,1407.44,4068.62
Africa,Namibia,721294.0,22442800000.0,3092790.0,72379.6,0.0151985,1.73915,8.63736,40.4412
Africa,Nigeria,50308600.0,978579000000.0,237528000.0,352287.0,0.334105,16.2993,92.0293,304.426
Africa,Rwanda,3692290.0,33730400000.0,14569300.0,3919130.0,7.08937,389.019,1869.85,3470.25
Africa,Sao Tome and Principe,55220.4,1774000000.0,222943.0,8.72569,,6.98688e-06,6.35878e-05,0.00147067
Africa,Senegal,2104600.0,54692500000.0,18931900.0,12542.3,0.0139919,0.415547,4.45172,16.6979
Africa,Sierra Leone,1569030.0,23662600000.0,8819780.0,60250.3,0.0952639,4.07737,27.8413,60.5465
Africa,Somalia,3338390.0,49404700000.0,19654700.0,193616.0,0.111185,8.19041,60.1506,121.069
Africa,South Africa,20114700.0,901724000000.0,64747200.0,14526200.0,1.99995,222.371,885.935,11643.6
Africa,South Sudan,2255210.0,43795400000.0,12188700.0,1650520.0,0.92821,68.8488,369.463,1008.24
Africa,Sudan,9247620.0,163721000000.0,51662100.0,1871.78,0.00021493,0.00539676,0.0551318,0.751497
Africa,Tanzania,15080200.0,291591000000.0,70545800.0,19796200.0,17.5267,963.056,5399.25,18557.4
Africa,Togo,2171830.0,34985300000.0,9721600.0,259403.0,0.311176,15.5647,82.7561,176.562
Africa,Tunisia,3109180.0,114086000000.0,12348600.0,21502100.0,27.6411,596.88,2652.68,19618.4
Africa,Uganda,11840000.0,186604000000.0,51384800.0,14455600.0,16.3818,851.433,4282.21,9525.52
Africa,Zambia,4264780.0,72954900000.0,21913800.0,2365460.0,3.75286,147.136,904.34,3033.99
Africa,Zimbabwe,4482160.0,85185400000.0,16950600.0,708425.0,0.609784,37.3791,164.332,634.695
Caribbean Central America,Anguilla,5509.72,1936020000.0,13279.9,663518.0,0.0107107,1.03468,3.76419,176.998
Caribbean Central America,Antigua and Barbuda,32042.2,10689500000.0,94209.0,9237760.0,0.080793,13.6398,48.3112,1674.48
Caribbean Central America,Aruba,25394.3,18721100000.0,108147.0,27303.6,1.65887e-05,0.00378915,0.0208311,1.81449
Caribbean Central America,Bahamas,200075.0,174460000000.0,677950.0,6099.19,8.11897e-06,0.00370235,0.00591411,0.807489
Caribbean Central America,Barbados,109857.0,22786400000.0,282621.0,19938200.0,0.695812,84.5332,252.366,5511.05
Caribbean Central America,Belize,66354.4,8171960000.0,422924.0,70107.0,0.00596334,0.301301,2.8817,30.4441
Caribbean Central America,British Virgin Islands,11976.6,17773800000.0,46318.0,8854860.0,0.0265737,3.54536,16.9803,1064.05
Caribbean Central America,Cayman Islands,15791.1,39691200000.0,75844.0,1765030.0,0.00255384,0.184074,1.32326,256.152
Caribbean Central America,Costa Rica,1572070.0,162216000000.0,5144900.0,79943200.0,2.27855,431.694,1601.38,25032.9
Caribbean Central America,Cuba,3431830.0,134686000000.0,10937200.0,7477330.0,2.73949,146.162,556.833,7637.58
Caribbean Central America,Dominica,21369.5,4950210000.0,65871.0,2770970.0,0.0523574,8.99487,33.2342,1023.68
Caribbean Central America,Dominican Republic,3396730.0,436119000000.0,11520500.0,383403000.0,24.0941,2785.0,9922.74,164785.0
Caribbean Central America,El Salvador,2468490.0,243172000000.0,5855040.0,221292000.0,22.3551,1403.81,4713.46,115796.0
Caribbean Central America,Grenada,40878.0,11994100000.0,117303.0,5590380.0,0.0801498,14.1389,49.5222,2256.55
Caribbean Central America,Guadeloupe,154178.0,75195900000.0,373791.0,60970600.0,0.509137,84.6625,251.532,10816.5
Caribbean Central America,Guatemala,5042870.0,318732000000.0,18680100.0,338328000.0,232.696,6204.5,26391.7,258619.0
Caribbean Central America,Haiti,2860450.0,86324900000.0,11906100.0,87330200.0,109.928,2485.33,12305.3,37336.0
Caribbean Central America,Honduras,4498690.0,287335000000.0,19592900.0,29668200.0,60.7558,803.267,4136.43,14499.3
Caribbean Central America,Jamaica,1017660.0,104310000000.0,2837080.0,30760600.0,2.30585,210.803,717.525,11366.1
Caribbean Central America,Martinique,112493.0,57246600000.0,340439.0,41775500.0,0.405233,54.8516,202.67,7126.79
Caribbean Central America,Montserrat,8868.66,2174320000.0,4359.0,1055350.0,0.00209971,2.87219,1.47383,381.787
Caribbean Central America,Nicaragua,1533970.0,60923900000.0,6689830.0,58925300.0,21.3935,1230.74,6435.55,33977.0
Caribbean Central America,Panama,2000510.0,302246000000.0,8013100.0,39265000.0,4.02138,223.857,1055.66,16208.9
Caribbean Central America,Puerto Rico,2217620.0,1241510000000.0,4989650.0,1118290000.0,20.5834,970.587,3763.43,162369.0
Caribbean Central America,Saint Kitts and Nevis,18116.0,6795580000.0,46921.9,2717160.0,0.0289949,4.80499,15.8849,816.747
Caribbean Central America,Saint Lucia,58654.0,15102300000.0,180149.0,11747100.0,0.20563,35.0348,126.908,4140.33
Caribbean Central America,Saint Vincent and the Grenadines,33768.3,8367780000.0,99924.0,4637850.0,0.0778496,11.7602,43.4424,1643.0
Caribbean Central America,Trinidad and Tobago,437265.0,49786800000.0,1511160.0,51177500.0,5.51396,436.757,1765.73,20063.3
Caribbean Central America,Turks and Caicos Islands,68693.1,41144900000.0,39564.7,29930.8,1.38203e-05,0.010391,0.00871037,4.11578
Caribbean Central America,US Virgin Islands,42348.5,30762600000.0,72150.5,16098300.0,0.194889,13.7701,37.2117,2728.49
Central Asia,Kazakhstan,2951240.0,286445000000.0,20843700.0,16255200.0,20.5074,336.521,1638.8,16657.7
Central Asia,Kyrgyzstan,943364.0,52335200000.0,7279150.0,31582000.0,23.2053,654.025,5622.44,33230.1
Central Asia,Tajikistan,1464100.0,40978800000.0,10499000.0,25269700.0,29.1141,956.581,7914.24,31601.6
Central Asia,Turkmenistan,675685.0,46486200000.0,7618810.0,4045270.0,8.89744,101.216,745.585,5895.87
Central Asia,Uzbekistan,5805600.0,375979000000.0,37053400.0,146186000.0,168.614,2736.91,18047.5,121146.0
East Asia,China,243991000.0,41535300000000.0,1416090000.0,3229150000.0,827.642,12859.0,120688.0,2157290.0
East Asia,Hong Kong,41731.8,1485750000000.0,7046100.0,1865680.0,0.00540362,0.0184292,2.08077,206.785
East Asia,Japan,37546600.0,18903400000000.0,123101000.0,14717600000.0,61.5035,7891.37,24175.7,3254230.0
East Asia,Macao,5033.65,137654000000.0,638590.0,29587.2,3.53372e-05,2.96392e-05,0.00829951,8.0774
East Asia,North Korea,2799880.0,128807000000.0,26571000.0,7933660.0,6.92971,146.329,1599.17,13165.3
East Asia,South Korea,8723630.0,3831010000000.0,51666900.0,292436000.0,14.7374,929.054,3272.63,94906.2
East Asia,Taiwan,3999300.0,2104100000000.0,23112600.0,2512650000.0,45.3489,3556.2,21762.4,657777.0
Europe,Albania,701177.0,40528400000.0,2665340.0,46293000.0,12.5191,820.271,3137.8,32328.9
Europe,Andorra,21201.7,9757450000.0,82903.6,180274.0,0.00295857,0.255247,1.24539,29.6032
Europe,Austria,2785570.0,1510080000000.0,11531800.0,119784000.0,3.8995,279.79,843.284,20596.9
Europe,Belarus,2106060.0,215294000000.0,8997600.0,46067.0,0.00635979,0.612284,1.68704,30.1425
Europe,Belgium,4138910.0,1355860000000.0,11758200.0,32697200.0,1.41154,137.046,344.477,6358.0
Europe,Bosnia and Herzegovina,1209040.0,68193000000.0,3140090.0,16330300.0,4.95083,332.669,871.5,13943.7
Europe,Bulgaria,2334340.0,329964000000.0,6714500.0,131899000.0,20.9804,1097.51,3422.64,63803.1
Europe,Croatia,1842220.0,260878000000.0,3848150.0,103034000.0,7.80732,736.249,1660.18,29590.0
Europe,Cyprus,306426.0,115816000000.0,910340.0,100072000.0,2.96715,270.989,830.854,24533.6
Europe,Czechia,2571640.0,760971000000.0,10609200.0,1061160.0,0.0455137,4.29592,9.71232,249.297
Europe,Denmark,1793540.0,1197590000000.0,6002500.0,655897.0,0.0129179,1.3441,3.16136,81.5323
Europe,Estonia,268609.0,102749000000.0,1344230.0,305607.0,0.0168695,0.74859,4.16412,79.0125
Europe,Finland,1554530.0,807893000000.0,5623300.0,716914.0,0.0204902,1.42078,4.46895,97.8717
Europe,France,16395400.0,8632700000000.0,66648600.0,131085000.0,3.60086,286.012,898.93,20940.0
Europe,Germany,21148500.0,13698600000000.0,84069900.0,176485000.0,3.76955,312.688,1055.96,21765.0
Europe,Gibraltar,7182.88,6932200000.0,39646.3,195249.0,0.00355648,0.175819,1.40204,20.6816
Europe,Greece,3572410.0,885230000000.0,9432350.0,594645000.0,21.0208,2382.99,5393.16,153205.0
Europe,Hungary,3050440.0,590502000000.0,9632160.0,31433500.0,4.35693,196.42,646.728,9767.21
Europe,Iceland,78240.8,96560600000.0,398259.0,13544700.0,0.0636109,4.60737,36.8429,1214.43
Europe,Ireland,2117130.0,669531000000.0,5308040.0,6602.76,0.000145375,0.0162281,0.0389995,0.959578
Europe,Isle of Man,21470.9,12571200000.0,84118.0,316.703,3.99458e-06,0.000243261,0.00155555,0.0398416
Europe,Italy,13622200.0,7581340000000.0,59146000.0,2972860000.0,121.375,5975.13,23174.6,637200.0
Europe,Kosovo,342683.0,28512400000.0,1647750.0,8093300.0,2.39777,104.446,541.867,5940.84
Europe,Latvia,433093.0,153750000000.0,1833510.0,243069.0,0.0121601,0.802193,2.75977,66.0414
Europe,Liechtenstein,18423.5,15098500000.0,40127.7,644996.0,0.00508044,0.544517,1.58204,61.9902
Europe,Lithuania,676083.0,216665000000.0,2830140.0,227221.0,0.0110938,0.717824,2.58928,63.8532
Europe,Luxembourg,158775.0,143181000000.0,680453.0,983372.0,0.0262162,1.11438,5.677,131.972
Europe,Malta,122929.0,47674500000.0,545405.0,2450280.0,0.112624,6.09747,30.0041,541.25
Europe,Moldova,1614060.0,108017000000.0,5051420.0,5208000.0,0.958625,84.9385,242.85,3014.83
Europe,Monaco,10150.0,11917700000.0,38341.0,1956180.0,0.0248215,2.02103,6.77978,159.422
Europe,Montenegro,317636.0,47019700000.0,1129370.0,10248900.0,0.971702,72.5928,235.644,4022.46
Europe,Netherlands,5697380.0,3105670000000.0,18346800.0,58573800.0,1.37123,146.102,376.794,9524.18
Europe,North Macedonia,605383.0,44451300000.0,1811700.0,23747900.0,4.16922,307.694,987.948,15793.0
Europe,Norway,1904630.0,1607620000000.0,5572650.0,3364960.0,0.0209729,3.5094,8.03141,224.715
Europe,Poland,7957630.0,1919670000000.0,38140900.0,1929920.0,0.177863,6.98475,40.8859,569.146
Europe,Portugal,7422440.0,2433990000000.0,18883400.0,99642400.0,3.57615,301.719,737.964,20416.8
Europe,Romania,6348830.0,520685000000.0,18908400.0,288738000.0,112.667,4072.1,13184.4,155456.0
Europe,Serbia,2532230.0,241353000000.0,6688950.0,47289200.0,10.4703,752.971,1814.51,24649.9
Europe,Slovakia,1273120.0,402287000000.0,5474820.0,18367400.0,1.54079,66.3879,264.872,4395.92
Europe,Slovenia,584870.0,141001000000.0,2117070.0,46112400.0,2.59288,186.687,675.592,10372.3
Europe,Spain,9133860.0,4015920000000.0,38903400.0,272107000.0,15.2718,831.376,2811.36,63975.0
Europe,Sweden,2750410.0,1811410000000.0,10656600.0,2686260.0,0.056046,4.62669,13.595,364.709
Europe,Switzerland,1927260.0,4646710000000.0,8964490.0,163276000.0,1.11524,77.916,252.593,12572.6
Europe,Turkiye,10103500.0,1717390000000.0,87685000.0,1962600000.0,802.276,10897.7,82316.6,1315630.0
Europe,Ukraine,13885400.0,1130170000000.0,38980300.0,13687100.0,3.41989,225.658,601.642,8040.34
Europe,United Kingdom,16356800.0,7054740000000.0,69551300.0,13389000.0,0.641247,28.4421,144.981,2030.84
Middle East,Armenia,660245.0,62032900000.0,2952360.0,68429000.0,14.5277,795.507,3418.59,54849.6
Middle East,Azerbaijan,1646500.0,140376000000.0,10397700.0,129778000.0,45.3235,2081.16,10740.7,119346.0
Middle East,Bahrain,289288.0,76100600000.0,1643320.0,13654.3,9.20371e-05,0.0027807,0.0221903,2.93929
Middle East,Georgia,943855.0,77596900000.0,3753570.0,62988600.0,14.0045,873.012,3395.18,59314.5
Middle East,Iran,17523500.0,976422000000.0,92417700.0,575280000.0,510.309,7692.77,49632.7,817536.0
Middle East,Iraq,7541800.0,490808000000.0,47020700.0,53748100.0,49.0295,863.186,5598.51,64939.6
Middle East,Israel,1335430.0,884560000000.0,9517170.0,111403000.0,1.83509,57.9517,506.033,17919.5
Middle East,Jordan,1428300.0,353584000000.0,11520600.0,75470800.0,9.27919,211.449,1921.79,28801.3
Middle East,Kuwait,738508.0,121862000000.0,5025770.0,5815220.0,0.871842,25.3549,193.196,3069.99
Middle East,Lebanon,578147.0,221898000000.0,5849410.0,160411000.0,16.0298,448.786,3305.84,51580.0
Middle East,Oman,1367920.0,130449000000.0,5494690.0,1596500.0,0.291266,13.5747,61.4997,995.47
Middle East,Palestine,620101.0,153636000000.0,5329620.0,29601500.0,2.20773,50.8999,534.252,11387.4
Middle East,Qatar,353963.0,161398000000.0,3115880.0,10065.2,5.63946e-05,0.0024287,0.0230926,1.49714
Middle East,Saudi Arabia,3425960.0,1450740000000.0,34566300.0,11337400.0,0.775791,21.9095,180.667,4073.65
Middle East,Syria,3714750.0,208266000000.0,25618900.0,148121000.0,186.887,1645.24,13769.4,169682.0
Middle East,United Arab Emirates,836163.0,458288000000.0,11346000.0,3684800.0,0.155514,2.61104,36.7267,753.759
Middle East,Yemen,5941050.0,192557000000.0,41773800.0,8922160.0,22.9807,280.98,2241.3,10075.2
North America,Canada,10824600.0,4086340000000.0,40048500.0,388570000.0,12.3651,217.505,1566.62,52010.4
North America,Mexico,23849900.0,5248390000000.0,128510000.0,2588020000.0,706.695,8736.46,58769.2,809848.0
North America,United States,121419000.0,104923000000000.0,325367000.0,11772000000.0,86.6718,5111.24,22006.5,742975.0
North Asia,Mongolia,528774.0,19342900000.0,3517090.0,1622480.0,1.68036,25.1842,283.346,1376.31
North Asia,Russia,19204000.0,4154860000000.0,143996000.0,60195500.0,10.1388,298.049,1818.0,45875.7
Oceania,American Samoa,14026.3,8328580000.0,44366.1,64496.0,0.000802872,0.0307513,0.159103,9.20708
Oceania,Australia,9658570.0,10609500000000.0,26003700.0,110754000.0,0.784288,120.172,348.392,17210.4
Oceania,Fiji,227527.0,18331600000.0,933154.0,570867.0,0.0337842,5.34932,25.3062,139.093
Oceania,Guam,39020.3,42020600000.0,123303.0,29340400.0,0.437965,14.4821,67.4836,3644.34
Oceania,Micronesia,31469.0,2317160000.0,105565.0,4963.2,0.000429371,0.0394007,0.134588,1.03524
Oceania,New Caledonia,69462.6,16486200000.0,295331.0,260878.0,0.0105224,0.695941,3.61408,32.738
Oceania,New Zealand,2710010.0,1436950000000.0,3564850.0,807121000.0,0.0592598,1475.22,4410.87,46493.3
Oceania,Niue,2008.47,446340000.0,2153.05,58.0477,1.23666e-07,0.000132046,0.000119648,0.00835665
Oceania,Northern Mariana Islands,9461.15,10448200000.0,41444.2,3732640.0,0.073399,1.81604,10.9984,500.578
Oceania,Palau,18274.9,4616900000.0,34462.6,48841.9,0.000644457,0.07456,0.153499,14.8315
Oceania,Papua New Guinea,4190150.0,146230000000.0,17586100.0,60915200.0,1.39856,351.357,1834.79,6406.63
Oceania,Samoa,51612.3,9715260000.0,219306.0,48922.8,0.00231488,0.164927,0.813648,15.7141
Oceania,Solomon Islands,175746.0,18640700000.0,838644.0,64533500.0,3.6551,258.896,1517.16,16633.4
Oceania,Tonga,31079.9,5044530000.0,103742.0,18279900.0,1.21543,82.6611,310.405,8783.59
Oceania,Vanuatu,80949.9,8211380000.0,335169.0,78003300.0,7.95258,451.47,2212.1,24025.2
South America,Argentina,12086200.0,903308000000.0,45851300.0,85162100.0,47.591,1788.18,8544.35,61684.9
South America,Bolivia,3510310.0,101614000000.0,12581800.0,30403000.0,38.272,1193.61,5013.66,26054.7
South America,Brazil,67820100.0,5012080000000.0,212810000.0,8417220.0,2.2004,151.283,487.374,8080.16
South America,Chile,4411510.0,974120000000.0,19859900.0,716040000.0,53.1371,2083.29,10401.7,191883.0
South America,Colombia,9840280.0,832699000000.0,53111200.0,422008000.0,340.551,3936.49,25301.7,400499.0
South America,Ecuador,3998890.0,459134000000.0,16891900.0,1025770000.0,470.438,8550.94,42771.1,639395.0
South America,French Guiana,38717.4,8390860000.0,313644.0,18871.8,0.00260376,0.087231,0.641618,4.79763
South America,Guyana,163137.0,7258670000.0,835985.0,2584.28,0.00149897,0.0395969,0.26317,1.69238
South America,Paraguay,941704.0,59206400000.0,7013080.0,24123.5,0.0143062,0.435902,3.97173,20.6107
South America,Peru,8702480.0,836570000000.0,34209100.0,1704190000.0,718.615,15424.9,76725.3,1018650.0
South America,Suriname,54783.0,2509910000.0,639850.0,0.950506,1.44161e-07,1.16377e-05,0.000144596,0.00135461
South America,Uruguay,541244.0,97139000000.0,3384690.0,77858.1,0.0107199,0.483279,3.12634,23.9512
South America,Venezuela,7558320.0,349782000000.0,26835300.0,46740000.0,40.6324,1488.8,5848.27,43474.9
South Asia,Afghanistan,6899290.0,82821000000.0,43844100.0,146621000.0,1117.38,9231.0,73715.5,244286.0
South Asia,Bangladesh,32441600.0,198148000000.0,175687000.0,52768200.0,255.987,4045.53,33226.3,93769.2
South Asia,Bhutan,204934.0,5368240000.0,777156.0,4821120.0,4.73884,184.298,755.342,14291.2
South Asia,India,263490000.0,3489380000000.0,1463860000.0,285352000.0,465.854,17234.4,106618.0,447214.0
South Asia,Nepal,6208930.0,253426000000.0,29554200.0,323406000.0,159.398,6670.14,35091.4,384752.0
South Asia,Pakistan,38920700.0,852960000000.0,255220000.0,548908000.0,1915.69,22088.6,172616.0,705007.0
South Asia,Sri Lanka,7690500.0,117518000000.0,23191400.0,184497.0,0.129614,11.1677,34.9269,367.652
Southeast Asia,Brunei,76033.9,7665520000.0,466323.0,78291.1,0.010591,0.493304,3.67763,35.287
Southeast Asia,Cambodia,3585910.0,75613900000.0,14058000.0,2310.84,0.000301118,0.016622,0.0389475,1.48773
Southeast Asia,Indonesia,47334600.0,2139260000000.0,285721000.0,693475000.0,152.758,6400.36,47846.3,451613.0
Southeast Asia,Laos,2070820.0,52641500000.0,7476980.0,2836670.0,1.65154,80.118,380.863,3636.13
Southeast Asia,Malaysia,8342170.0,468369000000.0,35977800.0,3241620.0,0.499444,27.4573,158.49,2501.8
Southeast Asia,Myanmar,12780900.0,132735000000.0,54850600.0,54500100.0,22.6582,1842.86,9550.5,45621.3
Southeast Asia,Philippines,27809800.0,527829000000.0,116670000.0,276167000.0,113.723,10064.3,48724.4,257386.0
Southeast Asia,Singapore,117991.0,1316900000000.0,5868090.0,2423940.0,0.00299997,0.0386845,0.999757,263.575
Southeast Asia,Thailand,21907800.0,951244000000.0,71619800.0,10631200.0,1.27592,140.686,434.626,8487.01
Southeast Asia,Timor Leste,257072.0,11614900000.0,1381590.0,8087100.0,2.77415,99.3503,612.75,6976.68
Southeast Asia,Vietnam,27608000.0,579250000000.0,101598000.0,11659500.0,8.71512,479.634,2027.18,20286.6
